"rssi","timestamp","scocca"
-20,"09:33:52","scocca"
-18,"09:34:48","scocca"
-20,"09:39:04","scocca"
-16,"09:42:19","scocca"
-13,"09:36:37","scocca"
-14,"09:39:45","scocca"
-18,"09:33:09","scocca"
-18,"09:40:30","scocca"
-18,"09:35:52","scocca"
-14,"09:36:05","scocca"
-13,"09:35:23","scocca"
-18,"09:33:46","scocca"
-15,"09:35:12","scocca"
-20,"09:41:37","scocca"
-19,"09:34:25","scocca"
-15,"09:36:45","scocca"
-17,"09:33:34","scocca"
-16,"09:40:29","scocca"
-14,"09:38:11","scocca"
-16,"09:36:10","scocca"
-18,"09:34:00","scocca"
-19,"09:35:01","scocca"
-18,"09:39:38","scocca"
-15,"09:34:32","scocca"
-17,"09:36:52","scocca"
-18,"09:40:11","scocca"
-14,"09:39:17","scocca"
-19,"09:40:55","scocca"
-13,"09:37:34","scocca"
-14,"09:39:55","scocca"
-15,"09:40:40","scocca"
-16,"09:34:04","scocca"
-17,"09:33:55","scocca"
-16,"09:40:03","scocca"
-19,"09:39:01","scocca"
-12,"09:38:42","scocca"
-15,"09:36:30","scocca"
-15,"09:38:51","scocca"
-18,"09:33:00","scocca"
-15,"09:40:39","scocca"
-14,"09:38:05","scocca"
-16,"09:36:00","scocca"
-16,"09:39:31","scocca"
-15,"09:41:47","scocca"
-15,"09:37:10","scocca"
-18,"09:34:51","scocca"
-14,"09:34:20","scocca"
-14,"09:42:01","scocca"
-13,"09:41:17","scocca"
-17,"09:37:46","scocca"
-16,"09:38:18","scocca"
-15,"09:39:26","scocca"
-15,"09:41:56","scocca"
-18,"09:37:00","scocca"
-20,"09:41:28","scocca"
-17,"09:38:27","scocca"
-17,"09:36:58","scocca"
-16,"09:33:27","scocca"
-16,"09:35:30","scocca"
-16,"09:36:23","scocca"
-14,"09:37:33","scocca"
-19,"09:39:50","scocca"
-17,"09:38:13","scocca"
-12,"09:38:32","scocca"
-16,"09:42:20","scocca"
-18,"09:41:33","scocca"
-14,"09:40:05","scocca"
-15,"09:34:41","scocca"
-14,"09:38:48","scocca"
-20,"09:32:56","scocca"
-15,"09:37:21","scocca"
-17,"09:39:43","scocca"
-14,"09:37:56","scocca"
-19,"09:38:00","scocca"
-15,"09:39:32","scocca"
-19,"09:34:15","scocca"
-17,"09:41:42","scocca"
-14,"09:37:18","scocca"
-13,"09:35:15","scocca"
-18,"09:38:53","scocca"
-14,"09:42:07","scocca"
-18,"09:41:11","scocca"
-20,"09:33:39","scocca"
-15,"09:40:22","scocca"
-15,"09:39:23","scocca"
-15,"09:38:30","scocca"
-18,"09:37:05","scocca"
-16,"09:41:22","scocca"
-15,"09:40:58","scocca"
-15,"09:34:34","scocca"
-14,"09:33:21","scocca"
-15,"09:35:38","scocca"
-13,"09:39:11","scocca"
-15,"09:32:45","scocca"
-12,"09:38:15","scocca"
-19,"09:33:15","scocca"
-15,"09:38:37","scocca"
-19,"09:35:17","scocca"
-16,"09:33:53","scocca"
-18,"09:35:29","scocca"
-16,"09:39:07","scocca"
-21,"09:32:53","scocca"
-15,"09:36:36","scocca"
-14,"09:39:44","scocca"
-14,"09:37:50","scocca"
-15,"09:40:31","scocca"
-22,"09:34:14","scocca"
-16,"09:36:06","scocca"
-14,"09:35:22","scocca"
-19,"09:33:45","scocca"
-14,"09:35:13","scocca"
-14,"09:39:57","scocca"
-17,"09:34:26","scocca"
-13,"09:36:46","scocca"
-20,"09:33:35","scocca"
-13,"09:40:28","scocca"
-18,"09:35:44","scocca"
-17,"09:36:17","scocca"
-18,"09:34:01","scocca"
-18,"09:35:00","scocca"
-17,"09:42:10","scocca"
-17,"09:34:31","scocca"
-16,"09:36:51","scocca"
-18,"09:40:16","scocca"
-17,"09:39:14","scocca"
-18,"09:32:49","scocca"
-13,"09:37:35","scocca"
-16,"09:33:10","scocca"
-18,"09:40:42","scocca"
-21,"09:34:05","scocca"
-22,"09:33:56","scocca"
-15,"09:40:02","scocca"
-13,"09:39:00","scocca"
-13,"09:38:43","scocca"
-16,"09:36:33","scocca"
-16,"09:39:49","scocca"
-17,"09:33:07","scocca"
-14,"09:40:34","scocca"
-18,"09:35:56","scocca"
-16,"09:36:01","scocca"
-16,"09:35:27","scocca"
-14,"09:41:45","scocca"
-16,"09:37:11","scocca"
-15,"09:34:50","scocca"
-16,"09:38:58","scocca"
-17,"09:42:00","scocca"
-17,"09:41:16","scocca"
-13,"09:37:45","scocca"
-15,"09:35:41","scocca"
-13,"09:39:24","scocca"
-15,"09:41:51","scocca"
-14,"09:42:15","scocca"
-12,"09:41:29","scocca"
-14,"09:38:20","scocca"
-13,"09:36:57","scocca"
-20,"09:33:26","scocca"
-15,"09:35:31","scocca"
-16,"09:36:20","scocca"
-13,"09:37:30","scocca"
-14,"09:39:51","scocca"
-14,"09:38:12","scocca"
-13,"09:34:08","scocca"
-16,"09:42:23","scocca"
-14,"09:41:06","scocca"
-15,"09:40:04","scocca"
-17,"09:34:46","scocca"
-16,"09:38:46","scocca"
-13,"09:32:55","scocca"
-13,"09:37:20","scocca"
-19,"09:39:42","scocca"
-12,"09:37:57","scocca"
-15,"09:38:01","scocca"
-15,"09:39:33","scocca"
-23,"09:35:53","scocca"
-13,"09:41:43","scocca"
-16,"09:37:19","scocca"
-12,"09:34:55","scocca"
-15,"09:38:52","scocca"
-14,"09:42:06","scocca"
-18,"09:41:13","scocca"
-14,"09:37:43","scocca"
-18,"09:40:21","scocca"
-15,"09:39:22","scocca"
-16,"09:41:59","scocca"
-13,"09:37:04","scocca"
-15,"09:41:23","scocca"
-15,"09:40:59","scocca"
-16,"09:42:11","scocca"
-18,"09:33:20","scocca"
-13,"09:35:34","scocca"
-16,"09:36:26","scocca"
-22,"09:32:46","scocca"
-15,"09:41:39","scocca"
-14,"09:33:17","scocca"
-16,"09:38:36","scocca"
-15,"09:38:16","scocca"
-20,"09:41:02","scocca"
-14,"09:35:28","scocca"
-19,"09:39:06","scocca"
-20,"09:32:52","scocca"
-15,"09:37:25","scocca"
-13,"09:39:47","scocca"
-13,"09:37:51","scocca"
-14,"09:40:33","scocca"
-22,"09:35:50","scocca"
-17,"09:36:08","scocca"
-14,"09:34:44","scocca"
-21,"09:33:44","scocca"
-13,"09:35:10","scocca"
-17,"09:41:34","scocca"
-14,"09:34:27","scocca"
-16,"09:36:47","scocca"
-20,"09:33:33","scocca"
-15,"09:40:27","scocca"
-21,"09:35:47","scocca"
-13,"09:36:15","scocca"
-18,"09:42:14","scocca"
-15,"09:35:03","scocca"
-13,"09:40:53","scocca"
-15,"09:34:30","scocca"
-14,"09:36:50","scocca"
-17,"09:40:17","scocca"
-14,"09:39:15","scocca"
-19,"09:32:41","scocca"
-17,"09:37:38","scocca"
-22,"09:33:11","scocca"
-14,"09:40:45","scocca"
-14,"09:34:02","scocca"
-15,"09:33:57","scocca"
-15,"09:41:31","scocca"
-14,"09:39:03","scocca"
-17,"09:38:41","scocca"
-15,"09:36:32","scocca"
-14,"09:39:48","scocca"
-13,"09:33:06","scocca"
-16,"09:40:35","scocca"
-15,"09:39:39","scocca"
-18,"09:36:02","scocca"
-15,"09:39:36","scocca"
-12,"09:33:49","scocca"
-13,"09:37:12","scocca"
-16,"09:34:53","scocca"
-18,"09:34:22","scocca"
-19,"09:35:45","scocca"
-13,"09:41:19","scocca"
-14,"09:37:44","scocca"
-24,"09:35:40","scocca"
-15,"09:36:13","scocca"
-13,"09:41:50","scocca"
-13,"09:35:05","scocca"
-14,"09:40:56","scocca"
-15,"09:38:21","scocca"
-14,"09:36:55","scocca"
-16,"09:40:12","scocca"
-17,"09:35:33","scocca"
-17,"09:36:21","scocca"
-15,"09:37:31","scocca"
-12,"09:39:56","scocca"
-17,"09:40:49","scocca"
-17,"09:34:09","scocca"
-15,"09:42:22","scocca"
-16,"09:33:58","scocca"
-13,"09:40:07","scocca"
-16,"09:34:47","scocca"
-14,"09:38:47","scocca"
-17,"09:32:54","scocca"
-19,"09:37:22","scocca"
-18,"09:33:03","scocca"
-17,"09:37:58","scocca"
-19,"09:38:06","scocca"
-13,"09:39:34","scocca"
-20,"09:34:17","scocca"
-17,"09:41:40","scocca"
-17,"09:37:15","scocca"
-15,"09:34:54","scocca"
-13,"09:38:55","scocca"
-18,"09:42:05","scocca"
-14,"09:41:12","scocca"
-16,"09:37:42","scocca"
-18,"09:40:20","scocca"
-15,"09:39:21","scocca"
-19,"09:41:58","scocca"
-12,"09:37:03","scocca"
-16,"09:35:09","scocca"
-13,"09:38:24","scocca"
-13,"09:42:12","scocca"
-22,"09:33:22","scocca"
-17,"09:35:35","scocca"
-14,"09:36:27","scocca"
-16,"09:32:47","scocca"
-15,"09:39:59","scocca"
-17,"09:33:18","scocca"
-15,"09:38:35","scocca"
-16,"09:42:24","scocca"
-14,"09:41:32","scocca"
-15,"09:34:42","scocca"
-15,"09:39:09","scocca"
-14,"09:32:51","scocca"
-15,"09:37:24","scocca"
-20,"09:41:05","scocca"
-13,"09:37:52","scocca"
-14,"09:38:08","scocca"
-17,"09:35:51","scocca"
-17,"09:36:09","scocca"
-19,"09:35:20","scocca"
-20,"09:33:43","scocca"
-13,"09:35:11","scocca"
-16,"09:38:59","scocca"
-15,"09:41:24","scocca"
-13,"09:36:41","scocca"
-22,"09:33:30","scocca"
-16,"09:40:26","scocca"
-23,"09:35:46","scocca"
-13,"09:36:14","scocca"
-15,"09:37:09","scocca"
-18,"09:35:02","scocca"
-17,"09:40:50","scocca"
-16,"09:34:37","scocca"
-13,"09:36:22","scocca"
-18,"09:40:14","scocca"
-14,"09:39:12","scocca"
-15,"09:32:42","scocca"
-15,"09:37:39","scocca"
-17,"09:33:12","scocca"
-16,"09:40:44","scocca"
-16,"09:34:03","scocca"
-17,"09:33:50","scocca"
-17,"09:40:09","scocca"
-21,"09:39:02","scocca"
-18,"09:32:58","scocca"
-14,"09:36:35","scocca"
-14,"09:41:08","scocca"
-19,"09:33:05","scocca"
-14,"09:40:36","scocca"
-20,"09:35:54","scocca"
-15,"09:36:03","scocca"
-14,"09:35:26","scocca"
-16,"09:33:48","scocca"
-15,"09:37:13","scocca"
-16,"09:34:52","scocca"
-13,"09:34:23","scocca"
-13,"09:36:49","scocca"
-15,"09:33:36","scocca"
-13,"09:37:49","scocca"
-16,"09:38:17","scocca"
-13,"09:36:12","scocca"
-14,"09:41:53","scocca"
-16,"09:35:04","scocca"
-13,"09:40:57","scocca"
-18,"09:38:22","scocca"
-12,"09:36:54","scocca"
-16,"09:40:13","scocca"
-14,"09:39:18","scocca"
-15,"09:36:28","scocca"
-15,"09:37:36","scocca"
-17,"09:35:43","scocca"
-14,"09:40:48","scocca"
-17,"09:34:06","scocca"
-13,"09:34:57","scocca"
-13,"09:41:07","scocca"
-13,"09:40:01","scocca"
-14,"09:35:21","scocca"
-15,"09:38:44","scocca"
-19,"09:36:39","scocca"
-17,"09:37:29","scocca"
-19,"09:33:02","scocca"
-13,"09:37:59","scocca"
-14,"09:38:07","scocca"
-14,"09:35:58","scocca"
-16,"09:34:16","scocca"
-17,"09:41:41","scocca"
-18,"09:37:16","scocca"
-16,"09:35:18","scocca"
-14,"09:38:54","scocca"
-16,"09:42:04","scocca"
-20,"09:41:15","scocca"
-17,"09:37:40","scocca"
-22,"09:35:48","scocca"
-13,"09:39:20","scocca"
-14,"09:41:55","scocca"
-18,"09:37:02","scocca"
-16,"09:35:08","scocca"
-17,"09:38:25","scocca"
-18,"09:42:13","scocca"
-21,"09:33:25","scocca"
-19,"09:35:36","scocca"
-19,"09:36:25","scocca"
-16,"09:38:26","scocca"
-13,"09:39:52","scocca"
-16,"09:33:19","scocca"
-16,"09:38:34","scocca"
-14,"09:42:26","scocca"
-17,"09:41:03","scocca"
-17,"09:34:43","scocca"
-16,"09:34:11","scocca"
-15,"09:32:50","scocca"
-19,"09:37:27","scocca"
-15,"09:39:41","scocca"
-15,"09:37:54","scocca"
-17,"09:38:09","scocca"
-16,"09:34:19","scocca"
-19,"09:34:13","scocca"
-18,"09:41:48","scocca"
-18,"09:33:42","scocca"
-16,"09:34:58","scocca"
-13,"09:34:28","scocca"
-14,"09:41:25","scocca"
-17,"09:36:42","scocca"
-14,"09:33:31","scocca"
-13,"09:40:25","scocca"
-13,"09:39:29","scocca"
-16,"09:36:19","scocca"
-14,"09:37:08","scocca"
-18,"09:41:20","scocca"
-13,"09:40:51","scocca"
-16,"09:38:29","scocca"
-20,"09:33:29","scocca"
-14,"09:40:18","scocca"
-16,"09:39:13","scocca"
-17,"09:32:43","scocca"
-13,"09:38:28","scocca"
-14,"09:33:13","scocca"
-14,"09:40:47","scocca"
-13,"09:38:39","scocca"
-14,"09:41:04","scocca"
-18,"09:40:08","scocca"
-18,"09:39:05","scocca"
-17,"09:42:18","scocca"
-17,"09:36:34","scocca"
-14,"09:41:09","scocca"
-17,"09:33:04","scocca"
-14,"09:40:37","scocca"
-15,"09:35:55","scocca"
-15,"09:36:04","scocca"
-13,"09:39:37","scocca"
-17,"09:33:47","scocca"
-15,"09:41:38","scocca"
-14,"09:41:30","scocca"
-17,"09:34:24","scocca"
-19,"09:36:44","scocca"
-16,"09:33:37","scocca"
-17,"09:37:48","scocca"
-15,"09:35:42","scocca"
-13,"09:36:11","scocca"
-15,"09:41:52","scocca"
-14,"09:35:06","scocca"
-16,"09:40:54","scocca"
-16,"09:34:33","scocca"
-15,"09:36:53","scocca"
-17,"09:40:10","scocca"
-14,"09:39:19","scocca"
-13,"09:36:29","scocca"
-15,"09:37:37","scocca"
-16,"09:39:54","scocca"
-15,"09:40:41","scocca"
-19,"09:34:07","scocca"
-15,"09:35:19","scocca"
-16,"09:33:54","scocca"
-13,"09:40:00","scocca"
-18,"09:34:45","scocca"
-15,"09:38:45","scocca"
-13,"09:36:38","scocca"
-18,"09:37:28","scocca"
-14,"09:33:01","scocca"
-17,"09:40:38","scocca"
-15,"09:38:04","scocca"
-14,"09:35:59","scocca"
-16,"09:39:30","scocca"
-16,"09:41:46","scocca"
-23,"09:37:17","scocca"
-16,"09:34:56","scocca"
-14,"09:38:56","scocca"
-14,"09:42:03","scocca"
-18,"09:41:14","scocca"
-14,"09:37:47","scocca"
-16,"09:38:19","scocca"
-17,"09:39:27","scocca"
-13,"09:41:57","scocca"
-16,"09:37:01","scocca"
-16,"09:41:27","scocca"
-14,"09:34:39","scocca"
-18,"09:36:59","scocca"
-20,"09:33:24","scocca"
-20,"09:35:37","scocca"
-13,"09:32:39","scocca"
-18,"09:34:38","scocca"
-14,"09:39:53","scocca"
-15,"09:38:10","scocca"
-16,"09:38:33","scocca"
-15,"09:42:21","scocca"
-15,"09:41:01","scocca"
-21,"09:35:25","scocca"
-19,"09:41:36","scocca"
-15,"09:32:57","scocca"
-16,"09:37:26","scocca"
-15,"09:39:40","scocca"
-18,"09:37:55","scocca"
-13,"09:38:03","scocca"
-21,"09:34:18","scocca"
-20,"09:34:12","scocca"
-14,"09:41:49","scocca"
-23,"09:33:40","scocca"
-13,"09:35:14","scocca"
-16,"09:38:50","scocca"
-15,"09:42:08","scocca"
-15,"09:36:43","scocca"
-15,"09:33:38","scocca"
-18,"09:40:23","scocca"
-13,"09:39:28","scocca"
-14,"09:36:18","scocca"
-15,"09:37:07","scocca"
-19,"09:41:21","scocca"
-18,"09:42:16","scocca"
-14,"09:34:35","scocca"
-22,"09:33:28","scocca"
-15,"09:40:19","scocca"
-14,"09:39:10","scocca"
-22,"09:32:44","scocca"
-13,"09:34:36","scocca"
-20,"09:33:14","scocca"
-20,"09:40:46","scocca"
-14,"09:38:38","scocca"
-16,"09:25:11","noscocca"
-15,"09:18:53","noscocca"
-14,"09:24:43","noscocca"
-17,"09:21:29","noscocca"
-18,"09:23:06","noscocca"
-15,"09:24:08","noscocca"
-21,"09:18:28","noscocca"
-18,"09:19:39","noscocca"
-16,"09:23:54","noscocca"
-15,"09:25:03","noscocca"
-13,"09:25:20","noscocca"
-14,"09:17:57","noscocca"
-14,"09:22:24","noscocca"
-20,"09:23:13","noscocca"
-14,"09:20:13","noscocca"
-13,"09:19:55","noscocca"
-15,"09:19:27","noscocca"
-17,"09:17:07","noscocca"
-16,"09:20:55","noscocca"
-16,"09:18:06","noscocca"
-18,"09:25:53","noscocca"
-12,"09:22:15","noscocca"
-20,"09:25:35","noscocca"
-14,"09:24:24","noscocca"
-20,"09:18:43","noscocca"
-19,"09:24:54","noscocca"
-18,"09:19:41","noscocca"
-14,"09:26:23","noscocca"
-16,"09:16:50","noscocca"
-14,"09:20:40","noscocca"
-16,"09:18:19","noscocca"
-17,"09:19:05","noscocca"
-14,"09:22:06","noscocca"
-12,"09:23:49","noscocca"
-15,"09:20:30","noscocca"
-14,"09:23:41","noscocca"
-20,"09:21:25","noscocca"
-14,"09:22:36","noscocca"
-14,"09:26:05","noscocca"
-16,"09:21:55","noscocca"
-18,"09:23:51","noscocca"
-23,"09:17:18","noscocca"
-19,"09:25:27","noscocca"
-18,"09:17:52","noscocca"
-14,"09:22:21","noscocca"
-16,"09:23:10","noscocca"
-22,"09:18:36","noscocca"
-15,"09:19:59","noscocca"
-15,"09:21:09","noscocca"
-16,"09:17:00","noscocca"
-18,"09:16:45","noscocca"
-14,"09:18:01","noscocca"
-17,"09:19:19","noscocca"
-16,"09:17:49","noscocca"
-17,"09:25:39","noscocca"
-14,"09:17:37","noscocca"
-18,"09:18:46","noscocca"
-16,"09:20:08","noscocca"
-20,"09:22:57","noscocca"
-15,"09:21:10","noscocca"
-13,"09:23:27","noscocca"
-17,"09:20:46","noscocca"
-19,"09:25:09","noscocca"
-18,"09:18:15","noscocca"
-14,"09:22:03","noscocca"
-20,"09:17:25","noscocca"
-13,"09:20:36","noscocca"
-17,"09:24:44","noscocca"
-17,"09:21:23","noscocca"
-14,"09:22:31","noscocca"
-19,"09:24:01","noscocca"
-18,"09:18:23","noscocca"
-13,"09:19:31","noscocca"
-23,"09:17:15","noscocca"
-16,"09:20:27","noscocca"
-15,"09:21:30","noscocca"
-13,"09:23:19","noscocca"
-13,"09:21:46","noscocca"
-17,"09:18:30","noscocca"
-20,"09:26:10","noscocca"
-14,"09:21:07","noscocca"
-21,"09:17:08","noscocca"
-14,"09:25:18","noscocca"
-16,"09:20:59","noscocca"
-14,"09:19:10","noscocca"
-19,"09:17:46","noscocca"
-16,"09:21:50","noscocca"
-16,"09:17:32","noscocca"
-17,"09:24:29","noscocca"
-16,"09:20:07","noscocca"
-14,"09:22:52","noscocca"
-20,"09:21:15","noscocca"
-14,"09:23:35","noscocca"
-15,"09:16:56","noscocca"
-17,"09:24:10","noscocca"
-16,"09:18:12","noscocca"
-16,"09:19:09","noscocca"
-16,"09:25:47","noscocca"
-20,"09:17:23","noscocca"
-14,"09:18:52","noscocca"
-14,"09:24:42","noscocca"
-15,"09:22:41","noscocca"
-15,"09:23:07","noscocca"
-14,"09:24:07","noscocca"
-17,"09:18:29","noscocca"
-14,"09:25:59","noscocca"
-17,"09:23:57","noscocca"
-15,"09:20:21","noscocca"
-19,"09:25:21","noscocca"
-18,"09:17:54","noscocca"
-13,"09:21:40","noscocca"
-13,"09:24:34","noscocca"
-16,"09:20:14","noscocca"
-13,"09:19:56","noscocca"
-20,"09:19:21","noscocca"
-24,"09:17:06","noscocca"
-16,"09:20:56","noscocca"
-16,"09:20:52","noscocca"
-14,"09:25:51","noscocca"
-14,"09:22:12","noscocca"
-16,"09:25:34","noscocca"
-17,"09:24:27","noscocca"
-19,"09:18:48","noscocca"
-18,"09:24:55","noscocca"
-14,"09:22:59","noscocca"
-16,"09:26:22","noscocca"
-18,"09:16:53","noscocca"
-16,"09:24:18","noscocca"
-16,"09:26:16","noscocca"
-16,"09:19:04","noscocca"
-18,"09:25:48","noscocca"
-15,"09:25:10","noscocca"
-17,"09:20:31","noscocca"
-17,"09:24:02","noscocca"
-13,"09:23:02","noscocca"
-15,"09:22:37","noscocca"
-17,"09:26:04","noscocca"
-17,"09:26:26","noscocca"
-14,"09:23:50","noscocca"
-17,"09:17:19","noscocca"
-13,"09:25:24","noscocca"
-21,"09:17:53","noscocca"
-14,"09:22:20","noscocca"
-16,"09:24:33","noscocca"
-14,"09:18:39","noscocca"
-19,"09:19:50","noscocca"
-15,"09:19:29","noscocca"
-15,"09:23:26","noscocca"
-17,"09:16:42","noscocca"
-14,"09:18:02","noscocca"
-14,"09:25:57","noscocca"
-16,"09:17:48","noscocca"
-14,"09:25:38","noscocca"
-14,"09:17:38","noscocca"
-16,"09:18:47","noscocca"
-23,"09:24:50","noscocca"
-15,"09:22:54","noscocca"
-16,"09:26:25","noscocca"
-18,"09:16:59","noscocca"
-14,"09:20:45","noscocca"
-15,"09:22:58","noscocca"
-19,"09:18:14","noscocca"
-17,"09:22:02","noscocca"
-19,"09:17:24","noscocca"
-14,"09:20:37","noscocca"
-18,"09:23:42","noscocca"
-15,"09:21:20","noscocca"
-14,"09:22:32","noscocca"
-14,"09:24:00","noscocca"
-19,"09:18:20","noscocca"
-13,"09:19:36","noscocca"
-20,"09:17:12","noscocca"
-13,"09:20:26","noscocca"
-13,"09:21:33","noscocca"
-21,"09:23:18","noscocca"
-15,"09:21:47","noscocca"
-14,"09:18:33","noscocca"
-17,"09:21:42","noscocca"
-16,"09:21:00","noscocca"
-16,"09:23:28","noscocca"
-16,"09:23:22","noscocca"
-13,"09:18:08","noscocca"
-17,"09:19:11","noscocca"
-15,"09:17:41","noscocca"
-17,"09:21:57","noscocca"
-13,"09:17:33","noscocca"
-15,"09:24:28","noscocca"
-14,"09:20:06","noscocca"
-13,"09:22:53","noscocca"
-20,"09:21:14","noscocca"
-16,"09:23:34","noscocca"
-19,"09:22:51","noscocca"
-16,"09:24:11","noscocca"
-17,"09:18:11","noscocca"
-13,"09:22:09","noscocca"
-17,"09:25:40","noscocca"
-20,"09:17:21","noscocca"
-16,"09:18:51","noscocca"
-14,"09:23:45","noscocca"
-15,"09:25:16","noscocca"
-16,"09:23:05","noscocca"
-21,"09:24:06","noscocca"
-18,"09:18:27","noscocca"
-14,"09:25:58","noscocca"
-15,"09:16:54","noscocca"
-16,"09:20:20","noscocca"
-12,"09:21:34","noscocca"
-13,"09:17:55","noscocca"
-17,"09:21:41","noscocca"
-16,"09:24:35","noscocca"
-16,"09:20:15","noscocca"
-16,"09:19:57","noscocca"
-16,"09:19:20","noscocca"
-14,"09:22:46","noscocca"
-22,"09:20:57","noscocca"
-15,"09:20:53","noscocca"
-15,"09:25:50","noscocca"
-18,"09:22:13","noscocca"
-17,"09:25:37","noscocca"
-20,"09:24:26","noscocca"
-16,"09:18:49","noscocca"
-16,"09:24:56","noscocca"
-15,"09:19:47","noscocca"
-16,"09:26:21","noscocca"
-15,"09:16:52","noscocca"
-14,"09:24:19","noscocca"
-19,"09:26:17","noscocca"
-12,"09:19:03","noscocca"
-13,"09:25:49","noscocca"
-17,"09:18:57","noscocca"
-19,"09:23:44","noscocca"
-14,"09:22:45","noscocca"
-14,"09:23:03","noscocca"
-19,"09:22:38","noscocca"
-17,"09:26:07","noscocca"
-15,"09:23:46","noscocca"
-14,"09:23:53","noscocca"
-19,"09:25:02","noscocca"
-16,"09:25:25","noscocca"
-17,"09:23:17","noscocca"
-17,"09:22:27","noscocca"
-17,"09:24:30","noscocca"
-16,"09:18:38","noscocca"
-12,"09:19:51","noscocca"
-16,"09:19:28","noscocca"
-20,"09:17:02","noscocca"
-15,"09:16:43","noscocca"
-15,"09:18:03","noscocca"
-14,"09:25:56","noscocca"
-17,"09:22:16","noscocca"
-18,"09:25:31","noscocca"
-15,"09:23:56","noscocca"
-17,"09:18:40","noscocca"
-16,"09:24:51","noscocca"
-13,"09:22:55","noscocca"
-14,"09:21:19","noscocca"
-19,"09:16:58","noscocca"
-17,"09:20:44","noscocca"
-13,"09:19:40","noscocca"
-13,"09:20:17","noscocca"
-15,"09:22:05","noscocca"
-15,"09:17:28","noscocca"
-15,"09:20:34","noscocca"
-16,"09:24:48","noscocca"
-19,"09:21:21","noscocca"
-19,"09:22:33","noscocca"
-13,"09:21:58","noscocca"
-16,"09:18:21","noscocca"
-15,"09:19:34","noscocca"
-20,"09:17:13","noscocca"
-16,"09:24:40","noscocca"
-18,"09:21:32","noscocca"
-15,"09:23:21","noscocca"
-15,"09:23:14","noscocca"
-15,"09:18:32","noscocca"
-13,"09:26:19","noscocca"
-14,"09:21:01","noscocca"
-16,"09:23:29","noscocca"
-14,"09:22:48","noscocca"
-15,"09:18:09","noscocca"
-17,"09:19:12","noscocca"
-14,"09:17:40","noscocca"
-17,"09:21:56","noscocca"
-14,"09:17:34","noscocca"
-13,"09:24:39","noscocca"
-12,"09:20:05","noscocca"
-17,"09:22:50","noscocca"
-17,"09:21:13","noscocca"
-13,"09:23:33","noscocca"
-17,"09:20:49","noscocca"
-21,"09:24:12","noscocca"
-15,"09:18:10","noscocca"
-16,"09:22:08","noscocca"
-13,"09:25:41","noscocca"
-15,"09:17:20","noscocca"
-15,"09:18:50","noscocca"
-16,"09:24:47","noscocca"
-18,"09:22:43","noscocca"
-18,"09:23:08","noscocca"
-13,"09:24:04","noscocca"
-14,"09:18:24","noscocca"
-15,"09:19:32","noscocca"
-16,"09:17:16","noscocca"
-16,"09:20:23","noscocca"
-17,"09:21:37","noscocca"
-17,"09:23:20","noscocca"
-13,"09:22:29","noscocca"
-12,"09:24:38","noscocca"
-13,"09:20:16","noscocca"
-14,"09:21:04","noscocca"
-15,"09:19:23","noscocca"
-14,"09:25:17","noscocca"
-19,"09:20:50","noscocca"
-14,"09:19:14","noscocca"
-17,"09:17:45","noscocca"
-18,"09:22:10","noscocca"
-17,"09:25:36","noscocca"
-14,"09:24:20","noscocca"
-14,"09:20:03","noscocca"
-13,"09:24:58","noscocca"
-17,"09:19:46","noscocca"
-13,"09:23:38","noscocca"
-19,"09:16:55","noscocca"
-15,"09:24:15","noscocca"
-13,"09:26:14","noscocca"
-15,"09:19:02","noscocca"
-14,"09:25:44","noscocca"
-16,"09:18:56","noscocca"
-18,"09:20:38","noscocca"
-17,"09:22:44","noscocca"
-17,"09:23:00","noscocca"
-17,"09:22:39","noscocca"
-19,"09:26:06","noscocca"
-13,"09:25:23","noscocca"
-14,"09:23:52","noscocca"
-15,"09:20:29","noscocca"
-13,"09:21:39","noscocca"
-15,"09:17:51","noscocca"
-12,"09:22:26","noscocca"
-16,"09:24:31","noscocca"
-14,"09:20:11","noscocca"
-16,"09:19:52","noscocca"
-15,"09:19:25","noscocca"
-17,"09:17:05","noscocca"
-22,"09:16:41","noscocca"
-14,"09:18:04","noscocca"
-15,"09:25:55","noscocca"
-18,"09:22:17","noscocca"
-14,"09:25:30","noscocca"
-15,"09:24:37","noscocca"
-16,"09:18:41","noscocca"
-13,"09:24:52","noscocca"
-14,"09:19:43","noscocca"
-13,"09:21:18","noscocca"
-17,"09:25:28","noscocca"
-12,"09:20:43","noscocca"
-17,"09:26:12","noscocca"
-14,"09:19:07","noscocca"
-13,"09:22:04","noscocca"
-14,"09:25:00","noscocca"
-18,"09:20:35","noscocca"
-13,"09:23:43","noscocca"
-19,"09:21:27","noscocca"
-15,"09:22:34","noscocca"
-14,"09:26:03","noscocca"
-15,"09:26:09","noscocca"
-20,"09:19:35","noscocca"
-16,"09:17:11","noscocca"
-13,"09:25:06","noscocca"
-14,"09:23:24","noscocca"
-13,"09:22:23","noscocca"
-13,"09:23:16","noscocca"
-18,"09:18:34","noscocca"
-16,"09:25:07","noscocca"
-13,"09:21:02","noscocca"
-15,"09:25:12","noscocca"
-23,"09:16:46","noscocca"
-14,"09:26:28","noscocca"
-20,"09:19:13","noscocca"
-15,"09:17:43","noscocca"
-14,"09:22:18","noscocca"
-16,"09:17:35","noscocca"
-15,"09:21:28","noscocca"
-20,"09:20:04","noscocca"
-16,"09:19:48","noscocca"
-14,"09:21:12","noscocca"
-18,"09:23:32","noscocca"
-15,"09:20:48","noscocca"
-13,"09:24:13","noscocca"
-16,"09:18:17","noscocca"
-17,"09:25:13","noscocca"
-16,"09:25:43","noscocca"
-20,"09:17:27","noscocca"
-14,"09:18:59","noscocca"
-17,"09:24:46","noscocca"
-14,"09:22:42","noscocca"
-20,"09:23:09","noscocca"
-15,"09:24:03","noscocca"
-16,"09:18:25","noscocca"
-14,"09:19:33","noscocca"
-16,"09:17:17","noscocca"
-19,"09:20:22","noscocca"
-13,"09:21:36","noscocca"
-13,"09:17:58","noscocca"
-16,"09:21:43","noscocca"
-16,"09:23:12","noscocca"
-19,"09:22:22","noscocca"
-13,"09:21:05","noscocca"
-15,"09:19:22","noscocca"
-18,"09:25:15","noscocca"
-14,"09:16:48","noscocca"
-19,"09:19:15","noscocca"
-24,"09:17:44","noscocca"
-19,"09:21:52","noscocca"
-16,"09:17:30","noscocca"
-14,"09:24:23","noscocca"
-15,"09:20:01","noscocca"
-16,"09:24:59","noscocca"
-15,"09:19:44","noscocca"
-16,"09:23:37","noscocca"
-16,"09:19:49","noscocca"
-15,"09:24:16","noscocca"
-14,"09:26:15","noscocca"
-15,"09:19:00","noscocca"
-17,"09:25:45","noscocca"
-15,"09:18:55","noscocca"
-13,"09:20:39","noscocca"
-15,"09:22:47","noscocca"
-13,"09:23:01","noscocca"
-16,"09:24:09","noscocca"
-13,"09:26:01","noscocca"
-13,"09:19:38","noscocca"
-14,"09:23:55","noscocca"
-18,"09:20:28","noscocca"
-14,"09:21:38","noscocca"
-14,"09:17:56","noscocca"
-17,"09:22:25","noscocca"
-17,"09:24:36","noscocca"
-14,"09:20:12","noscocca"
-17,"09:19:53","noscocca"
-16,"09:19:24","noscocca"
-22,"09:17:04","noscocca"
-16,"09:20:54","noscocca"
-13,"09:18:05","noscocca"
-18,"09:25:54","noscocca"
-16,"09:22:14","noscocca"
-16,"09:25:33","noscocca"
-16,"09:24:25","noscocca"
-19,"09:18:42","noscocca"
-13,"09:24:53","noscocca"
-14,"09:19:42","noscocca"
-18,"09:26:24","noscocca"
-18,"09:25:01","noscocca"
-14,"09:20:42","noscocca"
-16,"09:26:13","noscocca"
-13,"09:19:06","noscocca"
-14,"09:22:07","noscocca"
-12,"09:23:48","noscocca"
-16,"09:20:32","noscocca"
-12,"09:23:40","noscocca"
-19,"09:21:24","noscocca"
-17,"09:22:35","noscocca"
-14,"09:26:02","noscocca"
-16,"09:26:08","noscocca"
-16,"09:23:59","noscocca"
-15,"09:25:29","noscocca"
-15,"09:25:26","noscocca"
-14,"09:23:25","noscocca"
-14,"09:21:49","noscocca"
-13,"09:23:11","noscocca"
-21,"09:18:37","noscocca"
-16,"09:19:58","noscocca"
-15,"09:21:03","noscocca"
-15,"09:17:01","noscocca"
-19,"09:16:47","noscocca"
-17,"09:26:27","noscocca"
-14,"09:19:18","noscocca"
-16,"09:17:42","noscocca"
-17,"09:21:54","noscocca"
-14,"09:17:36","noscocca"
-16,"09:18:45","noscocca"
-16,"09:20:09","noscocca"
-18,"09:25:04","noscocca"
-16,"09:21:11","noscocca"
-19,"09:23:30","noscocca"
-16,"09:20:47","noscocca"
-17,"09:25:08","noscocca"
-17,"09:18:16","noscocca"
-17,"09:22:00","noscocca"
-20,"09:17:26","noscocca"
-17,"09:18:58","noscocca"
-15,"09:24:45","noscocca"
-16,"09:21:22","noscocca"
-19,"09:22:30","noscocca"
-19,"09:21:59","noscocca"
-15,"09:18:22","noscocca"
-14,"09:19:30","noscocca"
-17,"09:17:14","noscocca"
-14,"09:20:24","noscocca"
-14,"09:21:31","noscocca"
-13,"09:17:59","noscocca"
-14,"09:21:45","noscocca"
-14,"09:18:31","noscocca"
-16,"09:20:18","noscocca"
-13,"09:21:06","noscocca"
-17,"09:17:09","noscocca"
-14,"09:25:19","noscocca"
-22,"09:16:49","noscocca"
-20,"09:19:17","noscocca"
-18,"09:17:47","noscocca"
-14,"09:21:51","noscocca"
-22,"09:17:31","noscocca"
-18,"09:24:22","noscocca"
-16,"09:20:00","noscocca"
-14,"09:21:48","noscocca"
-17,"09:21:16","noscocca"
-20,"09:23:36","noscocca"
-19,"09:16:57","noscocca"
-16,"09:24:17","noscocca"
-15,"09:18:13","noscocca"
-17,"09:26:18","noscocca"
-12,"09:25:46","noscocca"
